 19:57:49 PM ,BHOPAL,28/03/2019 0000,78001 42667 99954 20461 07016 00124 ///// ///// 92801 26874 06006 85541 22668 32019 70190 09661 33519 50590 07759 31528 40760 18375 27531 30967 35364 27026 25091 46562 26022 20235 58761 28527 15414 62779 28030 10657 72176 28525 88999 77999 31313 52108 82326=
 19:58:38 PM ,BHOPAL,28/03/2019 0000,78001 42667 99954 20461 07016 00124 ///// ///// 92801 26874 06006 85541 22668 32019 70190 09661 33519 50590 07759 31528 40760 18375 27531 30967 35364 27026 25091 46562 26022 20235 58761 28527 15414 62779 28030 10657 72176 28525 88999 77999 31313 52108 82326=
 09:20:39 AM ,BHOPAL,29/03/2019 0000,7900/ 42667 MISDA DUE GET=
 09:20:55 AM ,BHOPAL,29/03/2019 0000,7900/ 42667 MISDA DUE GET=
 09:21:40 AM ,BHOPAL,29/03/2019 0000,7900/ 42667 MISDA DUE GET=
 09:22:18 AM ,BHOPAL,29/03/2019 0000,7900/ 42667 MISDA DUE GET=
 09:23:09 AM ,BHOPAL,29/03/2019 0000,7900/ 42667 MISDA DUE GET=
 09:23:28 AM ,BHOPAL,29/03/2019 0000,7900/ 42667 MISDA DUE GET=
 09:23:57 AM ,BHOPAL,29/03/2019 0000,7900/ 42667 MISDA DUE GET=
 09:24:44 AM ,BHOPAL,29/03/2019 0000,7900/ 42667 MISDA DUE GET=
 09:25:07 AM ,BHOPAL,29/03/2019 0000,7900/ 42667 MISDA DUE GET=
 09:25:35 AM ,BHOPAL,29/03/2019 0000,7900/ 42667 MISDA DUE GET=
 09:33:41 AM ,BHOPAL,29/03/2019 0000,7900/ 42667 MISDA DUE GET=
 09:33:48 AM ,BHOPAL,29/03/2019 0000,7900/ 42667 MISDA DUE GET=
 09:33:50 AM ,BHOPAL,29/03/2019 0000,7900/ 42667 MISDA DUE GET=
 09:33:51 AM ,BHOPAL,29/03/2019 0000,7900/ 42667 MISDA DUE GET=
 09:33:52 AM ,BHOPAL,29/03/2019 0000,7900/ 42667 MISDA DUE GET=
